{"cameraMode":{"drawMode":0,"name":"Shaded","section":"Shading Mode"},"sceneLighting":false,"audioPlay":false,"sceneViewState":{"showFog":true,"showMaterialUpdate":false,"showSkybox":true,"showFlares":true,"showImageEffects":true,"showParticleSystems":true},"in2DMode":false,"pivot":{"x":-1.9124821424484254,"y":1.2618064880371094,"z":-7.8104248046875},"rotation":{"x":0.41075193881988528,"y":0.18777315318584443,"z":-0.08685888350009918,"w":0.8879637718200684},"size":7.114456653594971,"orthographic":false}