{"cameraMode":{"drawMode":0,"name":"Shaded","section":"Shading Mode"},"sceneLighting":false,"audioPlay":false,"sceneViewState":{"showFog":true,"showMaterialUpdate":false,"showSkybox":true,"showFlares":true,"showImageEffects":true,"showParticleSystems":true},"in2DMode":false,"pivot":{"x":1.0620620250701905,"y":1.7750871181488038,"z":1.491004228591919},"rotation":{"x":-0.005007588770240545,"y":0.9609748125076294,"z":-0.01738169975578785,"w":-0.27604374289512637},"size":0.45921283960342409,"orthographic":false}