{"cameraMode":{"drawMode":0,"name":"Shaded","section":"Shading Mode"},"sceneLighting":true,"audioPlay":false,"sceneViewState":{"showFog":true,"showMaterialUpdate":false,"showSkybox":true,"showFlares":true,"showImageEffects":true,"showParticleSystems":true},"in2DMode":false,"pivot":{"x":-7.241194725036621,"y":-170.1219940185547,"z":121.1456069946289},"rotation":{"x":0.4023032486438751,"y":0.014658668078482151,"z":-0.006457645446062088,"w":0.9153663516044617},"size":284.7265625,"orthographic":false}