{"cameraMode":{"drawMode":0,"name":"Shaded","section":"Shading Mode"},"sceneLighting":true,"audioPlay":false,"sceneViewState":{"showFog":true,"showMaterialUpdate":false,"showSkybox":true,"showFlares":true,"showImageEffects":true,"showParticleSystems":true},"in2DMode":false,"pivot":{"x":-63.313087463378909,"y":9.471359252929688,"z":-103.49712371826172},"rotation":{"x":-0.1812029778957367,"y":-0.33700937032699587,"z":0.06626728177070618,"w":-0.9215198755264282},"size":7.061990261077881,"orthographic":false}